{
"greeting": [
  "नमस्ते",
  "हैलो",
  "कैसे हैं"
],
"order_coffee": [
  "मुझे कॉफी चाहिए",
  "मैं एक कॉफी ऑर्डर करना चाहता हूँ",
  "क्या मुझे कॉफी मिल सकती है"
],
"additional_request": [
  "नहीं",
  "बस इतना ही",
  "और कुछ नहीं"
],
"payment": [
  "मैं भुगतान करूँगा",
  "कार्ड से भुगतान करूँगा",
  "कैश दूँगा"
],
"dine_preference": [
  "यहीं पीऊँगा",
  "पैक कर दें",
  "टेक अवे"
],
"closing": [
  "धन्यवाद",
  "शुक्रिया",
  "बहुत धन्यवाद"
]

}